Filename,Brand Name,Label,Tagline
output\Cowbell\000001.jpg,Cowbell,Genuine,sooo creamy sooo gooood
genLogoOutput\Rolex\000003.jpg,Rolex,Fake,antiophthalmic_factor crown for every accomplishment .
output\PlayStation\000005.jpg,PlayStation,Genuine,eNoS Lives.
output\YouTube\000004.jpg,YouTube,Genuine,Broadcast Yourself
genLogoOutput\Lays\000004.jpg,Lays,Fake,eNoS sprightliness .
output\Tiktok\000004.jpg,Tiktok,Genuine,Make Your Day.
output\Amazon\000005.jpg,Amazon,Genuine,Taste of Nature
genLogoOutput\Google\000003.jpg,Google,Fake,father ’ thyroxin constitute evil
output\Tesla\000001.jpg,Tesla,Genuine,Burn rubber not gasoline
output\Gillette\000005.jpg,Gillette,Genuine,The Best a Man Can Get.
output\Samsung\000005.jpg,Samsung,Genuine,Do What You Can't.
genLogoOutput\Rolex\000001.jpg,Rolex,Fake,adenine tip for every accomplishment .
genLogoOutput\Pepsi\000002.jpg,Pepsi,Fake,
genLogoOutput\Guinness\000002.jpg,Guinness,Fake,Guinness be just for You .
genLogoOutput\Peak milk\scal_000001.jpg,Peak milk,Fake,Everyone have a bill
output\Adidas\000001.jpg,Adidas,Genuine,impossible is nothing.
output\Kfc\000001.jpg,Kfc,Genuine,Finger Lickin' Good.
genLogoOutput\Google\scal_000005.jpg,Google,Fake,put_on ’ triiodothyronine be immorality
genLogoOutput\Pay pal\scal_000004.jpg,Pay pal,Fake,"foster trustfulness , make unity , adept apiece other , and take for_each_one others ' rachis ."
genLogoOutput\McDonald\scal_000004.jpg,McDonald,Fake,one ’ thousand Lovin ’ information_technology .
genLogoOutput\Cowbell\scal_000001.jpg,Cowbell,Fake,sooo creamy sooo gooood
genLogoOutput\Android\scal_000002.jpg,Android,Fake,atomic_number_4 unitedly . non the Sami
genLogoOutput\Fila\scal_000004.jpg,Fila,Fake,powerfulness panache
output\MnM\000004.jpg,MnM,Genuine,"the milk chocolate that melts in your mouth, not in your hand"
output\Amazon\000004.jpg,Amazon,Genuine,Taste of Nature
output\Kfc\000004.jpg,Kfc,Genuine,Finger Lickin' Good.
genLogoOutput\Mercedes Benz\scal_000005.jpg,Mercedes Benz,Fake,The right operating_theatre nothing
genLogoOutput\Pay pal\000002.jpg,Pay pal,Fake,"Foster trustfulness , sustain wholeness , defend each former , and stimulate to_each_one others ' game ."
genLogoOutput\Samsung\000002.jpg,Samsung,Fake,ut What You atomic_number_20 n't .
genLogoOutput\Cadbury\000001.jpg,Cadbury,Fake,How nerveless exist that ?
output\Mercedes Benz\000005.jpg,Mercedes Benz,Genuine,The Best or Nothing
genLogoOutput\Cadbury\scal_000002.jpg,Cadbury,Fake,How coolheaded exist that ?
genLogoOutput\Bic\000001.jpg,Bic,Fake,consider Indiana beach .
genLogoOutput\Tesla\000002.jpg,Tesla,Fake,burn_down safety not gasolene
genLogoOutput\Tesla\000005.jpg,Tesla,Fake,burn_off golosh not gasolene
genLogoOutput\Krisspy Kreme\scal_000002.jpg,Krisspy Kreme,Fake,master_copy sugarcoat anchor_ring
genLogoOutput\Puma\scal_000002.jpg,Puma,Fake,forever riotous
genLogoOutput\BMW\000001.jpg,BMW,Fake,The ultimate push motorcar .
output\Nestle\000002.jpg,Nestle,Genuine,"Nestle. Good Food, Good Life."
genLogoOutput\PlayStation\scal_000003.jpg,PlayStation,Fake,eNoS live .
genLogoOutput\YouTube\scal_000001.jpg,YouTube,Fake,program Yourself
genLogoOutput\Kfc\scal_000002.jpg,Kfc,Fake,digit Lickin ' honorable .
genLogoOutput\Lipton\000003.jpg,Lipton,Fake,personify more tea_leaf .
genLogoOutput\Microsoft\000001.jpg,Microsoft,Fake,pretend information_technology totally bring_in gumption .
genLogoOutput\Cowbell\000003.jpg,Cowbell,Fake,sooo creamy sooo gooood
genLogoOutput\Adidas\scal_000005.jpg,Adidas,Fake,impossible embody nix .
output\Pringles\000004.jpg,Pringles,Genuine,"Once you pop, you can't stop."
output\Samsung\000001.jpg,Samsung,Genuine,Do What You Can't.
genLogoOutput\Oral b\scal_000004.jpg,Oral b,Fake,The world_power toothbrush Thomas_More dentist utilisation
genLogoOutput\Amazon\000002.jpg,Amazon,Fake,savour of nature
output\YouTube\000001.jpg,YouTube,Genuine,Broadcast Yourself
genLogoOutput\Nestle\000002.jpg,Nestle,Fake,"nuzzle . good food , serious life_sentence ."
genLogoOutput\Puma\000005.jpg,Puma,Fake,always libertine
output\YouTube\000002.jpg,YouTube,Genuine,Broadcast Yourself
output\McDonald\000001.jpg,McDonald,Genuine,I’m Lovin’ It.
genLogoOutput\Fila\000005.jpg,Fila,Fake,world_power flair
genLogoOutput\Gillette\000001.jpg,Gillette,Fake,The comfortably A Isle_of_Man tooshie stick .
genLogoOutput\YouTube\scal_000004.jpg,YouTube,Fake,programme Yourself
genLogoOutput\Reebok\scal_000005.jpg,Reebok,Fake,unity constitute what I represent
genLogoOutput\Reebok\000004.jpg,Reebok,Fake,unity Master_of_Arts what I represent
genLogoOutput\McDonald\000004.jpg,McDonald,Fake,one ’ yard Lovin ’ information_technology .
genLogoOutput\Nike\000005.jpg,Nike,Fake,hardly serve IT .
genLogoOutput\Bic\000002.jpg,Bic,Fake,conceive inwards beach .
genLogoOutput\Lg\000001.jpg,Lg,Fake,the magnificent Italian jeweler since 1884
genLogoOutput\McDonald\000005.jpg,McDonald,Fake,atomic_number_53 ’ mebibyte Lovin ’ IT .
output\Google\000003.jpg,Google,Genuine,Don’t be Evil
genLogoOutput\Kfc\000003.jpg,Kfc,Fake,finger's_breadth Lickin ' estimable .
genLogoOutput\Nestle\scal_000001.jpg,Nestle,Fake,"nuzzle . dependable food_for_thought , safe life_history ."
genLogoOutput\Mercedes Benz\000001.jpg,Mercedes Benz,Fake,The proficient Beaver_State zilch
output\Hp\000005.jpg,Hp,Genuine,The Great Tasting Gel!
genLogoOutput\Kfc\scal_000004.jpg,Kfc,Fake,finger Lickin ' honorable .
genLogoOutput\Dominos\000002.jpg,Dominos,Fake,invalidate the Noid
genLogoOutput\Nutella\scal_000004.jpg,Nutella,Fake,hazelnut spreading with skip Milk and cocoa .
output\Nike\000001.jpg,Nike,Genuine,Just Do It.
genLogoOutput\MnM\scal_000004.jpg,MnM,Fake,"the Milk umber that unthaw In your mouthpiece , not IN your give"
output\Zara\000003.jpg,Zara,Genuine,Love Your Curves
genLogoOutput\Rolex\000002.jpg,Rolex,Fake,ampere crest for every achievement .
genLogoOutput\Mtn\scal_000002.jpg,Mtn,Fake,everywhere you die
genLogoOutput\Instagram\scal_000005.jpg,Instagram,Fake,enamour and share the macrocosm 's present_moment
output\Mars\000004.jpg,Mars,Genuine,Beer better in wood.
output\Kfc\000002.jpg,Kfc,Genuine,Finger Lickin' Good.
genLogoOutput\Goya oil\scal_000003.jpg,Goya oil,Fake,If information_technology 's Francisco_Jose_de_Goya_y_Lucientes ... information_technology birth to glucinium skillful
genLogoOutput\PlayStation\000001.jpg,PlayStation,Fake,eNoS spirit .
genLogoOutput\Pringles\000004.jpg,Pringles,Fake,"formerly you bug_out , you CA n't stay ."
genLogoOutput\PlayStation\scal_000001.jpg,PlayStation,Fake,eNoS life_story .
genLogoOutput\Huawei\scal_000004.jpg,Huawei,Fake,Cathay accept foretell
output\YouTube\000005.jpg,YouTube,Genuine,Broadcast Yourself
genLogoOutput\Mtn\scal_000004.jpg,Mtn,Fake,everywhere you last
output\Google\000004.jpg,Google,Genuine,Don’t be Evil
genLogoOutput\Lg\000005.jpg,Lg,Fake,the brilliant Italian jeweler since 1884
genLogoOutput\Android\000002.jpg,Android,Fake,personify unitedly . non the Lapp
genLogoOutput\Heinz\scal_000003.jpg,Heinz,Fake,information_technology give_birth to Be Heinz
genLogoOutput\Guinness\000003.jpg,Guinness,Fake,Alec_Guinness cost ripe for You .
genLogoOutput\Hp\scal_000002.jpg,Hp,Fake,The enceinte degustation gelatin !
genLogoOutput\Amazon\000005.jpg,Amazon,Fake,sample of nature
genLogoOutput\Android\000005.jpg,Android,Fake,make_up in_concert . not the Lapp
genLogoOutput\Mtn dew\scal_000004.jpg,Mtn dew,Fake,arrange group_A slight yahoo in your lifespan
genLogoOutput\PlayStation\000002.jpg,PlayStation,Fake,eNoS experience .
genLogoOutput\Ariel\000005.jpg,Ariel,Fake,The rush of power comprise relentless
genLogoOutput\Peak milk\000003.jpg,Peak milk,Fake,Everyone induce vitamin_A point
genLogoOutput\Twitter\000002.jpg,Twitter,Fake,What ’ sulphur happen
output\Starbucks\000001.jpg,Starbucks,Genuine,Customize Your Cup.
output\Ariel\000001.jpg,Ariel,Genuine,The surge of power is relentless
output\Lays\000005.jpg,Lays,Genuine,eNoS Lives.
output\Oral b\000004.jpg,Oral b,Genuine,The power toothbrush more dentists use
output\Google\000001.jpg,Google,Genuine,Don’t be Evil
output\Guinness\000005.jpg,Guinness,Genuine,Guinness is Good for You.
output\Hp\000004.jpg,Hp,Genuine,The Great Tasting Gel!
genLogoOutput\Lipton\000001.jpg,Lipton,Fake,be Sir_Thomas_More tea .
genLogoOutput\Twitter\scal_000001.jpg,Twitter,Fake,What ’ sec hap
genLogoOutput\Nutella\000003.jpg,Nutella,Fake,cob unfold with skimming milk and drinking_chocolate .
genLogoOutput\Mars\000004.jpg,Mars,Fake,beer better atomic_number_49 Sir_Henry_Joseph_Wood .
genLogoOutput\Twitter\000001.jpg,Twitter,Fake,What ’ sulfur pass_off
output\Mtn dew\000001.jpg,Mtn dew,Genuine,Put a little Yahoo in your life
genLogoOutput\Fila\scal_000001.jpg,Fila,Fake,baron style
genLogoOutput\Chrome\000001.jpg,Chrome,Fake,Doctor_of_Osteopathy n't personify wickedness
output\NASA\000004.jpg,NASA,Genuine,Exploring the secrets of the universe for the benefit of all
genLogoOutput\Amazon\000003.jpg,Amazon,Fake,savor of nature
genLogoOutput\Goya oil\000001.jpg,Goya oil,Fake,If information_technology 's Francisco_Jose_de_Goya_y_Lucientes ... information_technology HA to make_up upright
genLogoOutput\YouTube\scal_000002.jpg,YouTube,Fake,beam Yourself
genLogoOutput\Nutella\000004.jpg,Nutella,Fake,hazelnut_tree distribute with skip Milk and drinking_chocolate .
output\Reebok\000005.jpg,Reebok,Genuine,I am what I am
output\Gillette\000004.jpg,Gillette,Genuine,The Best a Man Can Get.
genLogoOutput\McDonald\000002.jpg,McDonald,Fake,atomic_number_53 ’ yard Lovin ’ information_technology .
genLogoOutput\Samsung\000005.jpg,Samsung,Fake,Doctor_of_Osteopathy What You calcium n't .
genLogoOutput\Tiktok\scal_000005.jpg,Tiktok,Fake,puddle Your Day .
genLogoOutput\Marvel\000002.jpg,Marvel,Fake,"no_more Isle_of_Man john gain_ground every engagement , merely No humans should declension without ampere clamber"
genLogoOutput\Guinness\scal_000004.jpg,Guinness,Fake,Sir_Alec_Guinness make_up practiced for You .
genLogoOutput\BMW\000003.jpg,BMW,Fake,The ultimate driving car .
genLogoOutput\Dominos\000001.jpg,Dominos,Fake,head_off the Noid
genLogoOutput\Marvel\000003.jpg,Marvel,Fake,"nobelium humankind prat profits every fight , just no man should fall without angstrom_unit battle"
genLogoOutput\Mercedes Benz\000002.jpg,Mercedes Benz,Fake,The sound Oregon aught
genLogoOutput\Nestle milo\scal_000001.jpg,Nestle milo,Fake,The Abang milo_maize cost forever in_that_location to subscribe you !
genLogoOutput\Samsung\000001.jpg,Samsung,Fake,perform What You CA n't .
output\Heinz\000004.jpg,Heinz,Genuine,It has to be Heinz
genLogoOutput\Mars\scal_000002.jpg,Mars,Fake,beer unspoiled inch Grant_Wood .
output\Oral b\000001.jpg,Oral b,Genuine,The power toothbrush more dentists use
output\Burger King\000005.jpg,Burger King,Genuine,Have it your way.
genLogoOutput\Chrome\000004.jpg,Chrome,Fake,serve n't make_up malevolent
output\PlayStation\000003.jpg,PlayStation,Genuine,eNoS Lives.
genLogoOutput\Rolex\scal_000001.jpg,Rolex,Fake,group_A pate for every accomplishment .
genLogoOutput\Nike\scal_000002.jpg,Nike,Fake,simply cause information_technology .
genLogoOutput\Nescafe\scal_000001.jpg,Nescafe,Fake,IT totally pop with angstrom_unit Nescafé
genLogoOutput\YouTube\000003.jpg,YouTube,Fake,air Yourself
genLogoOutput\Heinz\scal_000001.jpg,Heinz,Fake,IT cause to represent Heinz
output\Chevrolet\000004.jpg,Chevrolet,Genuine,Find New Roads
genLogoOutput\Oreo\scal_000001.jpg,Oreo,Fake,just oreo .
genLogoOutput\Instagram\000002.jpg,Instagram,Fake,gaining_control and ploughshare the global 's consequence
output\Mtn dew\000003.jpg,Mtn dew,Genuine,Put a little Yahoo in your life
output\Android\000005.jpg,Android,Genuine,Be together. Not the same
genLogoOutput\Lg\scal_000004.jpg,Lg,Fake,the brilliant Italian jeweler since 1884
genLogoOutput\Ariel\scal_000005.jpg,Ariel,Fake,The scend of big_businessman live inexorable
genLogoOutput\Mtn\scal_000005.jpg,Mtn,Fake,all_over you function
genLogoOutput\Lipton\000002.jpg,Lipton,Fake,represent more_than Camellia_sinensis .
genLogoOutput\Apple\scal_000004.jpg,Apple,Fake,together live unspoiled .
output\Mars\000001.jpg,Mars,Genuine,Beer better in wood.
genLogoOutput\Nutella\scal_000001.jpg,Nutella,Fake,filbert unfold with scan milk and drinking_chocolate .
genLogoOutput\Google\scal_000002.jpg,Google,Fake,Don_River ’ liothyronine make_up malevolent
genLogoOutput\Hp\000005.jpg,Hp,Fake,The big taste gelatin !
genLogoOutput\Nutella\scal_000002.jpg,Nutella,Fake,cobnut facing_pages with skim Milk_River and cocoa .
genLogoOutput\Marvel\scal_000003.jpg,Marvel,Fake,"nobelium man prat gain every battle , merely no adult_male should decline without type_A battle"
genLogoOutput\Tesla\000004.jpg,Tesla,Fake,burn golosh non gasolene
genLogoOutput\Adidas\000004.jpg,Adidas,Fake,unsufferable make_up zippo .
output\Marvel\000003.jpg,Marvel,Genuine,"No man can win every battle, but no man should fall without a struggle"
genLogoOutput\Honda\000003.jpg,Honda,Fake,The king of stargaze
genLogoOutput\McDonald\scal_000002.jpg,McDonald,Fake,iodin ’ chiliad Lovin ’ information_technology .
genLogoOutput\Bic\scal_000005.jpg,Bic,Fake,trust inch beach .
genLogoOutput\Oral b\000005.jpg,Oral b,Fake,The king soup-strainer more dental_practitioner consumption
output\BMW\000004.jpg,BMW,Genuine,The Ultimate Driving Machine.
output\Apple\000004.jpg,Apple,Genuine,Together is good.
genLogoOutput\Fila\scal_000005.jpg,Fila,Fake,ability fashion
genLogoOutput\Goya oil\scal_000002.jpg,Goya oil,Fake,If information_technology 's Francisco_Jose_de_Goya_y_Lucientes ... information_technology give_birth to equal proficient
output\MnM\000002.jpg,MnM,Genuine,"the milk chocolate that melts in your mouth, not in your hand"
genLogoOutput\Krisspy Kreme\000001.jpg,Krisspy Kreme,Fake,master glazed ring
output\Fila\000003.jpg,Fila,Genuine,Power Style
genLogoOutput\Guinness\000001.jpg,Guinness,Fake,Guinness live thoroughly for You .
output\Oral b\000003.jpg,Oral b,Genuine,The power toothbrush more dentists use
genLogoOutput\Ariel\000002.jpg,Ariel,Fake,The tide of world_power embody unrelenting
genLogoOutput\Goya oil\000003.jpg,Goya oil,Fake,If information_technology 's Francisco_Goya ... information_technology get to Be dependable
genLogoOutput\BMW\scal_000005.jpg,BMW,Fake,The ultimate driving political_machine .
genLogoOutput\Pringles\scal_000003.jpg,Pringles,Fake,"formerly you drink_down , you Ca n't plosive_consonant ."
genLogoOutput\Hp\000004.jpg,Hp,Fake,The large try_out gel !
output\Mars\000002.jpg,Mars,Genuine,Beer better in wood.
output\Mtn\000001.jpg,Mtn,Genuine,Everywhere you go
genLogoOutput\Instagram\scal_000001.jpg,Instagram,Fake,fascinate and part the creation 's import
genLogoOutput\Oral b\scal_000001.jpg,Oral b,Fake,The major_power toothbrush More tooth_doctor utilization
genLogoOutput\Nike\000003.jpg,Nike,Fake,merely get_along information_technology .
genLogoOutput\Honda\000002.jpg,Honda,Fake,The force of pipe_dream
output\Android\000001.jpg,Android,Genuine,Be together. Not the same
genLogoOutput\Mtn dew\000004.jpg,Mtn dew,Fake,put_option group_A lilliputian hick In your lifespan
genLogoOutput\Pringles\scal_000004.jpg,Pringles,Fake,"once you crop_up , you California n't break_off ."
genLogoOutput\Sprite\scal_000005.jpg,Sprite,Fake,obey Your thirstiness .
output\Nestle milo\000002.jpg,Nestle milo,Genuine,The Abang MILO is always there to support you!
output\Reebok\000004.jpg,Reebok,Genuine,I am what I am
output\Oral b\000002.jpg,Oral b,Genuine,The power toothbrush more dentists use
genLogoOutput\Pepsi\scal_000005.jpg,Pepsi,Fake,
genLogoOutput\Amazon\scal_000001.jpg,Amazon,Fake,mouthful of nature
output\Microsoft\000002.jpg,Microsoft,Genuine,Making it all make sense.
output\Chevrolet\000002.jpg,Chevrolet,Genuine,Find New Roads
genLogoOutput\Nestle milo\scal_000005.jpg,Nestle milo,Fake,The Abang milo personify perpetually in_that_respect to reinforcement you !
genLogoOutput\Kfc\scal_000003.jpg,Kfc,Fake,finger's_breadth Lickin ' unspoiled .
genLogoOutput\Bic\scal_000003.jpg,Bic,Fake,believe inch beach .
output\Hp\000001.jpg,Hp,Genuine,The Great Tasting Gel!
output\Microsoft\000001.jpg,Microsoft,Genuine,Making it all make sense.
genLogoOutput\Tesla\scal_000005.jpg,Tesla,Fake,burning caoutchouc not petrol
genLogoOutput\Hp\scal_000004.jpg,Hp,Fake,The big try_out mousse !
genLogoOutput\Ariel\scal_000002.jpg,Ariel,Fake,The soar of mogul follow stern
genLogoOutput\Lays\scal_000002.jpg,Lays,Fake,eNoS spirit .
output\Instagram\000002.jpg,Instagram,Genuine,Capture and Share the World's Moments
genLogoOutput\Mtn\000001.jpg,Mtn,Fake,everyplace you blend_in
genLogoOutput\Hp\scal_000005.jpg,Hp,Fake,The swell savor gel !
genLogoOutput\Lays\scal_000001.jpg,Lays,Fake,eNoS dwell .
output\Cadbury\000002.jpg,Cadbury,Genuine,How cool is that?
output\Nestle milo\000004.jpg,Nestle milo,Genuine,The Abang MILO is always there to support you!
genLogoOutput\Instagram\000003.jpg,Instagram,Fake,capture and portion_out the man 's bit
genLogoOutput\Krisspy Kreme\scal_000005.jpg,Krisspy Kreme,Fake,master glass_over anchor_ring
genLogoOutput\Android\000001.jpg,Android,Fake,embody in_concert . non the Saame
output\MnM\000003.jpg,MnM,Genuine,"the milk chocolate that melts in your mouth, not in your hand"
genLogoOutput\Google\scal_000003.jpg,Google,Fake,preceptor ’ thyroxin make_up wickedness
genLogoOutput\Apple\000003.jpg,Apple,Fake,unitedly personify trade_good .
output\Instagram\000005.jpg,Instagram,Genuine,Capture and Share the World's Moments
genLogoOutput\Cadbury\scal_000004.jpg,Cadbury,Fake,How coolheaded comprise that ?
genLogoOutput\Apple\scal_000003.jpg,Apple,Fake,unitedly follow upright .
output\Starbucks\000002.jpg,Starbucks,Genuine,Customize Your Cup.
output\Twitter\000002.jpg,Twitter,Genuine,What’s happening
genLogoOutput\Heinz\000001.jpg,Heinz,Fake,information_technology get to follow Heinz
genLogoOutput\Samsung\scal_000002.jpg,Samsung,Fake,brawl What You calcium n't .
genLogoOutput\Heinz\000004.jpg,Heinz,Fake,information_technology own to constitute Henry_John_Heinz
output\Lipton\000005.jpg,Lipton,Genuine,Be more tea.
output\Pringles\000005.jpg,Pringles,Genuine,"Once you pop, you can't stop."
genLogoOutput\Puma\scal_000001.jpg,Puma,Fake,forever flying
genLogoOutput\Reebok\000003.jpg,Reebok,Fake,iodin Am what unity comprise
genLogoOutput\Nike\scal_000001.jpg,Nike,Fake,scarce coif information_technology .
genLogoOutput\Nestle\000003.jpg,Nestle,Fake,"nest . good food_for_thought , serious sprightliness ."
output\Lg\000003.jpg,Lg,Genuine,the magnificent Italian jeweler since 1884
genLogoOutput\Mtn dew\000001.jpg,Mtn dew,Fake,pose type_A footling yahoo indium your life_sentence
genLogoOutput\Samsung\000004.jpg,Samsung,Fake,practice What You atomic_number_20 n't .
genLogoOutput\Nescafe\000003.jpg,Nescafe,Fake,information_technology altogether outset with antiophthalmic_factor Nescafé
genLogoOutput\BMW\000005.jpg,BMW,Fake,The ultimate force_back simple_machine .
genLogoOutput\Levis\000001.jpg,Levis,Fake,lessen for complete_blood_count
output\Oreo\000001.jpg,Oreo,Genuine,Only oreo.
genLogoOutput\Dominos\scal_000002.jpg,Dominos,Fake,void the Noid
genLogoOutput\Mtn\scal_000001.jpg,Mtn,Fake,all_over you drop_dead
genLogoOutput\PlayStation\scal_000004.jpg,PlayStation,Fake,eNoS liveliness .
output\Pay pal\000004.jpg,Pay pal,Genuine,"Foster trust, have integrity, champion each other, and have each others' backs."
genLogoOutput\Adidas\000002.jpg,Adidas,Fake,impossible constitute nothing .
genLogoOutput\Apple\000002.jpg,Apple,Fake,together follow honest .
output\Tesla\000005.jpg,Tesla,Genuine,Burn rubber not gasoline
genLogoOutput\Tiktok\scal_000002.jpg,Tiktok,Fake,name Your twenty-four_hour_period .
output\Honda\000004.jpg,Honda,Genuine,The Power of Dreams
genLogoOutput\Twitter\scal_000002.jpg,Twitter,Fake,What ’ S occur
genLogoOutput\Adidas\scal_000001.jpg,Adidas,Fake,inconceivable exist zero .
genLogoOutput\Adidas\scal_000002.jpg,Adidas,Fake,unacceptable equal zippo .
genLogoOutput\Sprite\000003.jpg,Sprite,Fake,obey Your lust .
output\Twitter\000001.jpg,Twitter,Genuine,What’s happening
genLogoOutput\Nescafe\000001.jpg,Nescafe,Fake,information_technology altogether bulge with axerophthol Nescafé
genLogoOutput\Coca Cola\scal_000004.jpg,Coca Cola,Fake,information_technology 's the literal matter
genLogoOutput\Oreo\scal_000003.jpg,Oreo,Fake,just oreo .
genLogoOutput\Pringles\scal_000001.jpg,Pringles,Fake,"once you pop_music , you CA n't block_off ."
genLogoOutput\Google\000002.jpg,Google,Fake,Don ’ MT make_up evilness
output\Adidas\000003.jpg,Adidas,Genuine,impossible is nothing.
genLogoOutput\Chevrolet\scal_000005.jpg,Chevrolet,Fake,discovery newly roadstead
output\Nike\000002.jpg,Nike,Genuine,Just Do It.
genLogoOutput\NASA\000002.jpg,NASA,Fake,search the enigma of the world for the gain of entirely
genLogoOutput\Lipton\000005.jpg,Lipton,Fake,personify more teatime .
genLogoOutput\Starbucks\scal_000001.jpg,Starbucks,Fake,custom-make Your transfuse .
genLogoOutput\Amazon\000004.jpg,Amazon,Fake,appreciation of nature
genLogoOutput\Cadbury\scal_000001.jpg,Cadbury,Fake,How cool_off exist that ?
output\Starbucks\000004.jpg,Starbucks,Genuine,Customize Your Cup.
genLogoOutput\Mercedes Benz\scal_000003.jpg,Mercedes Benz,Fake,The honest operating_theatre zippo
genLogoOutput\Hp\000001.jpg,Hp,Fake,The outstanding savoring colloidal_gel !
genLogoOutput\Starbucks\000003.jpg,Starbucks,Fake,customize Your loving_cup .
genLogoOutput\Reebok\scal_000003.jpg,Reebok,Fake,single exist what 1 cost
genLogoOutput\Levis\000002.jpg,Levis,Fake,Fall for blood_profile
genLogoOutput\Nestle milo\scal_000003.jpg,Nestle milo,Fake,The Abang milo_maize embody e'er at_that_place to subscribe you !
output\Fila\000005.jpg,Fila,Genuine,Power Style
genLogoOutput\Lays\scal_000004.jpg,Lays,Fake,eNoS living .
genLogoOutput\Amazon\000001.jpg,Amazon,Fake,preference of nature
output\Lays\000001.jpg,Lays,Genuine,eNoS Lives.
genLogoOutput\Levis\scal_000002.jpg,Levis,Fake,light for CBC
output\Cowbell\000002.jpg,Cowbell,Genuine,sooo creamy sooo gooood
genLogoOutput\Starbucks\scal_000003.jpg,Starbucks,Fake,custom-make Your transfuse .
output\Mercedes Benz\000003.jpg,Mercedes Benz,Genuine,The Best or Nothing
output\Apple\000005.jpg,Apple,Genuine,Together is good.
genLogoOutput\Nestle milo\scal_000002.jpg,Nestle milo,Fake,The Abang milo_maize embody incessantly in_that_location to digest you !
genLogoOutput\Dominos\scal_000004.jpg,Dominos,Fake,obviate the Noid
output\PlayStation\000001.jpg,PlayStation,Genuine,eNoS Lives.
genLogoOutput\Microsoft\000004.jpg,Microsoft,Fake,pretend IT all take_a_crap common_sense .
output\Guinness\000002.jpg,Guinness,Genuine,Guinness is Good for You.
genLogoOutput\Lays\000001.jpg,Lays,Fake,eNoS be .
genLogoOutput\Mars\000002.jpg,Mars,Fake,beer meliorate atomic_number_49 Mrs._Henry_Wood .
genLogoOutput\Starbucks\000001.jpg,Starbucks,Fake,custom-make Your cupful .
output\McDonald\000002.jpg,McDonald,Genuine,I’m Lovin’ It.
genLogoOutput\Android\scal_000001.jpg,Android,Fake,Be in_concert . non the Saami
genLogoOutput\Netflix\000003.jpg,Netflix,Fake,check what ’ second succeeding
genLogoOutput\Oral b\000004.jpg,Oral b,Fake,The magnate toothbrush Sir_Thomas_More tooth_doctor usage
genLogoOutput\Sprite\000005.jpg,Sprite,Fake,obey Your hunger .
output\Coca Cola\000004.jpg,Coca Cola,Genuine,It's the real thing
genLogoOutput\Lays\scal_000003.jpg,Lays,Fake,eNoS life_sentence .
genLogoOutput\Cowbell\000002.jpg,Cowbell,Fake,sooo creamy sooo gooood
genLogoOutput\Zara\000005.jpg,Zara,Fake,bang Your bender
output\Pepsi\000004.jpg,Pepsi,Genuine,
output\Instagram\000004.jpg,Instagram,Genuine,Capture and Share the World's Moments
genLogoOutput\Mtn\000005.jpg,Mtn,Fake,everywhere you ecstasy
genLogoOutput\Tiktok\000005.jpg,Tiktok,Fake,take_a_shit Your sidereal_day .
genLogoOutput\Starbucks\scal_000004.jpg,Starbucks,Fake,customize Your cup .
genLogoOutput\Krisspy Kreme\scal_000004.jpg,Krisspy Kreme,Fake,pilot glass anchor_ring
genLogoOutput\Oreo\000002.jpg,Oreo,Fake,alone oreo .
genLogoOutput\Adidas\000005.jpg,Adidas,Fake,unsufferable personify cipher .
genLogoOutput\Apple\000001.jpg,Apple,Fake,unitedly constitute in_force .
output\PlayStation\000002.jpg,PlayStation,Genuine,eNoS Lives.
genLogoOutput\Lg\scal_000005.jpg,Lg,Fake,the brilliant Italian jeweller since 1884
output\Apple\000002.jpg,Apple,Genuine,Together is good.
output\Netflix\000003.jpg,Netflix,Genuine,See what’s next
genLogoOutput\NASA\scal_000004.jpg,NASA,Fake,explore the closed_book of the creation for the do_good of entirely
genLogoOutput\BMW\scal_000004.jpg,BMW,Fake,The ultimate beat_back automobile .
genLogoOutput\PlayStation\000003.jpg,PlayStation,Fake,eNoS know .
genLogoOutput\Samsung\scal_000004.jpg,Samsung,Fake,arrange What You Golden_State n't .
genLogoOutput\Gillette\000005.jpg,Gillette,Fake,The topper ampere humans seat cause .
genLogoOutput\Lays\000005.jpg,Lays,Fake,eNoS go .
genLogoOutput\Coca Cola\000005.jpg,Coca Cola,Fake,information_technology 's the material affair
genLogoOutput\Chevrolet\scal_000003.jpg,Chevrolet,Fake,incur unexampled roads
output\Huawei\000003.jpg,Huawei,Genuine,China has promise
genLogoOutput\Amazon\scal_000003.jpg,Amazon,Fake,taste_sensation of nature
genLogoOutput\Chevrolet\000004.jpg,Chevrolet,Fake,happen Modern road
genLogoOutput\Google\000005.jpg,Google,Fake,put_on ’ triiodothyronine glucinium iniquity
genLogoOutput\Twitter\scal_000004.jpg,Twitter,Fake,What ’ mho natural_event
genLogoOutput\Twitter\000003.jpg,Twitter,Fake,What ’ southward take_place
output\Netflix\000005.jpg,Netflix,Genuine,See what’s next
output\Burger King\000002.jpg,Burger King,Genuine,Have it your way.
genLogoOutput\MnM\000004.jpg,MnM,Fake,"the Milk_River hot_chocolate that run Indiana your rima_oris , not indium your give"
genLogoOutput\Lipton\scal_000001.jpg,Lipton,Fake,equal Thomas_More afternoon_tea .
genLogoOutput\YouTube\scal_000005.jpg,YouTube,Fake,distribute Yourself
genLogoOutput\Oreo\000003.jpg,Oreo,Fake,simply oreo_cookie .
genLogoOutput\Mtn dew\000003.jpg,Mtn dew,Fake,position deoxyadenosine_monophosphate footling chawbacon In your life_story
genLogoOutput\Instagram\scal_000004.jpg,Instagram,Fake,trance and partake the earthly_concern 's present_moment
genLogoOutput\Nike\000001.jpg,Nike,Fake,merely manage IT .
genLogoOutput\Google\000004.jpg,Google,Fake,get_into ’ tetraiodothyronine follow evil
genLogoOutput\Ariel\scal_000001.jpg,Ariel,Fake,The zoom of mightiness personify relentless
output\Nescafe\000005.jpg,Nescafe,Genuine,It all starts with a Nescafé
output\Hp\000002.jpg,Hp,Genuine,The Great Tasting Gel!
genLogoOutput\Starbucks\000004.jpg,Starbucks,Fake,tailor-make Your cup .
genLogoOutput\Coca Cola\000004.jpg,Coca Cola,Fake,IT 's the really affair
output\Chrome\000003.jpg,Chrome,Genuine,Don't be evil
genLogoOutput\Chrome\scal_000004.jpg,Chrome,Fake,manage n't make_up malevolent
genLogoOutput\Huawei\000003.jpg,Huawei,Fake,mainland_China get forebode
genLogoOutput\Rolex\scal_000004.jpg,Rolex,Fake,a poll for every achievement .
genLogoOutput\Fila\scal_000003.jpg,Fila,Fake,mogul fashion
genLogoOutput\Tiktok\scal_000001.jpg,Tiktok,Fake,work Your day .
genLogoOutput\Sprite\scal_000003.jpg,Sprite,Fake,obey Your hunger .
genLogoOutput\Apple\000005.jpg,Apple,Fake,in_concert cost right .
genLogoOutput\Pepsi\scal_000004.jpg,Pepsi,Fake,
output\Google\000005.jpg,Google,Genuine,Don’t be Evil
output\Krisspy Kreme\000005.jpg,Krisspy Kreme,Genuine,Original Glazed Doughnuts
genLogoOutput\McDonald\scal_000005.jpg,McDonald,Fake,one ’ m Lovin ’ IT .
genLogoOutput\Hp\000003.jpg,Hp,Fake,The majuscule savoring gel !
genLogoOutput\Oral b\scal_000002.jpg,Oral b,Fake,The ability soup-strainer to_a_greater_extent dentist expend
output\Krisspy Kreme\000001.jpg,Krisspy Kreme,Genuine,Original Glazed Doughnuts
output\Nutella\000003.jpg,Nutella,Genuine,Hazelnut Spread with Skim Milk and Cocoa.
genLogoOutput\Sprite\000002.jpg,Sprite,Fake,obey Your starve .
genLogoOutput\Huawei\scal_000001.jpg,Huawei,Fake,PRC make forebode
output\Cadbury\000001.jpg,Cadbury,Genuine,How cool is that?
genLogoOutput\Microsoft\scal_000002.jpg,Microsoft,Fake,name IT altogether nominate mother_wit .
genLogoOutput\Instagram\scal_000002.jpg,Instagram,Fake,bewitch and plowshare the planetary 's mo
genLogoOutput\Apple\scal_000005.jpg,Apple,Fake,unitedly cost secure .
genLogoOutput\Marvel\000001.jpg,Marvel,Fake,"no adult_male potty acquire every conflict , just no_more human_being should autumn without angstrom_unit fight"
output\Tesla\000003.jpg,Tesla,Genuine,Burn rubber not gasoline
output\Coca Cola\000001.jpg,Coca Cola,Genuine,It's the real thing
output\Ariel\000005.jpg,Ariel,Genuine,The surge of power is relentless
genLogoOutput\Instagram\000004.jpg,Instagram,Fake,beguile and percentage the populace 's moment
genLogoOutput\McDonald\000003.jpg,McDonald,Fake,single ’ G Lovin ’ IT .
genLogoOutput\Hp\000002.jpg,Hp,Fake,The neat taste gelatin !
output\Starbucks\000003.jpg,Starbucks,Genuine,Customize Your Cup.
genLogoOutput\Kfc\000005.jpg,Kfc,Fake,finger Lickin ' beneficial .
output\Goya oil\000003.jpg,Goya oil,Genuine,If it's Goya... it has to be good
genLogoOutput\Chevrolet\000001.jpg,Chevrolet,Fake,line_up newly route
output\Nestle\000003.jpg,Nestle,Genuine,"Nestle. Good Food, Good Life."
genLogoOutput\Gillette\000003.jpg,Gillette,Fake,The better angstrom human_race displace bring .
output\Huawei\000004.jpg,Huawei,Genuine,China has promise
genLogoOutput\Google\000001.jpg,Google,Fake,preceptor ’ tonne atomic_number_4 vicious
output\Sprite\000003.jpg,Sprite,Genuine,Obey Your Thirst.
genLogoOutput\Zara\000003.jpg,Zara,Fake,get_laid Your bend
output\Goya oil\000001.jpg,Goya oil,Genuine,If it's Goya... it has to be good
genLogoOutput\Pringles\scal_000005.jpg,Pringles,Fake,"erst you dad , you Golden_State n't plosive_consonant ."
genLogoOutput\Dominos\000004.jpg,Dominos,Fake,obviate the Noid
genLogoOutput\Huawei\scal_000003.jpg,Huawei,Fake,Nationalist_China sustain foretell
output\Amazon\000001.jpg,Amazon,Genuine,Taste of Nature
genLogoOutput\Nestle\scal_000005.jpg,Nestle,Fake,"nestle . dependable solid_food , right spirit ."
genLogoOutput\Adidas\000001.jpg,Adidas,Fake,unacceptable equal cipher .
output\Amazon\000002.jpg,Amazon,Genuine,Taste of Nature
output\Amazon\000003.jpg,Amazon,Genuine,Taste of Nature
output\Apple\000001.jpg,Apple,Genuine,Together is good.
genLogoOutput\Sprite\000001.jpg,Sprite,Fake,obey Your hungriness .
output\Guinness\000003.jpg,Guinness,Genuine,Guinness is Good for You.
genLogoOutput\PlayStation\000005.jpg,PlayStation,Fake,eNoS know .
output\Bic\000003.jpg,Bic,Genuine,Believe in beach.
output\Marvel\000002.jpg,Marvel,Genuine,"No man can win every battle, but no man should fall without a struggle"
genLogoOutput\Lipton\scal_000005.jpg,Lipton,Fake,live to_a_greater_extent teatime .
genLogoOutput\Krisspy Kreme\000002.jpg,Krisspy Kreme,Fake,master glaze_over doughnut
output\Mtn\000002.jpg,Mtn,Genuine,Everywhere you go
genLogoOutput\Nestle\scal_000002.jpg,Nestle,Fake,"nestle . thoroughly food_for_thought , thoroughly life_history ."
genLogoOutput\Peak milk\scal_000004.jpg,Peak milk,Fake,Everyone bear a peak
genLogoOutput\Bic\000004.jpg,Bic,Fake,think Indiana beach .
genLogoOutput\Levis\000004.jpg,Levis,Fake,pin for complete_blood_count
output\Zara\000001.jpg,Zara,Genuine,Love Your Curves
genLogoOutput\Pay pal\000003.jpg,Pay pal,Fake,"foster combine , get unity , whiz to_each_one other , and have_got apiece others ' indorse ."
output\NASA\000005.jpg,NASA,Genuine,Exploring the secrets of the universe for the benefit of all
genLogoOutput\Starbucks\scal_000002.jpg,Starbucks,Fake,custom-make Your cup .
genLogoOutput\PlayStation\scal_000002.jpg,PlayStation,Fake,eNoS survive .
output\Netflix\000001.jpg,Netflix,Genuine,See what’s next
output\McDonald\000004.jpg,McDonald,Genuine,I’m Lovin’ It.
genLogoOutput\Zara\000001.jpg,Zara,Fake,lovemaking Your sheer
genLogoOutput\Zara\scal_000003.jpg,Zara,Fake,lie_with Your wind
genLogoOutput\Dominos\000003.jpg,Dominos,Fake,deflect the Noid
genLogoOutput\Pay pal\000001.jpg,Pay pal,Fake,"foster reliance , take_in unity , booster for_each_one other , and consume each others ' plunk_for ."
genLogoOutput\Mtn dew\000005.jpg,Mtn dew,Fake,position ampere lilliputian Yahoo in your life_sentence
genLogoOutput\Oral b\scal_000003.jpg,Oral b,Fake,The baron toothbrush Sir_Thomas_More dental_practitioner enjoyment
genLogoOutput\Coca Cola\000001.jpg,Coca Cola,Fake,IT 's the rattling matter
genLogoOutput\BMW\scal_000001.jpg,BMW,Fake,The ultimate tug simple_machine .
genLogoOutput\Oreo\000001.jpg,Oreo,Fake,solitary oreo .
genLogoOutput\Nescafe\scal_000003.jpg,Nescafe,Fake,information_technology entirely starting_line with antiophthalmic_factor Nescafé
output\Chrome\000004.jpg,Chrome,Genuine,Don't be evil
genLogoOutput\Oral b\scal_000005.jpg,Oral b,Fake,The big_businessman soup-strainer more_than tooth_doctor usage
genLogoOutput\Tiktok\000001.jpg,Tiktok,Fake,brand Your Day .
genLogoOutput\Chrome\000003.jpg,Chrome,Fake,coif n't cost evil
genLogoOutput\Nestle\000005.jpg,Nestle,Fake,"draw_close . upright food_for_thought , well aliveness ."
genLogoOutput\Krisspy Kreme\000003.jpg,Krisspy Kreme,Fake,archetype glassy annulus
genLogoOutput\Chrome\scal_000005.jpg,Chrome,Fake,Doctor_of_Osteopathy n't atomic_number_4 evilness
output\BMW\000003.jpg,BMW,Genuine,The Ultimate Driving Machine.
genLogoOutput\MnM\scal_000001.jpg,MnM,Fake,"the milk umber that meld inch your back_talk , not inch your mitt"
output\Android\000002.jpg,Android,Genuine,Be together. Not the same
output\Nestle milo\000005.jpg,Nestle milo,Genuine,The Abang MILO is always there to support you!
output\Pepsi\000002.jpg,Pepsi,Genuine,
output\Nescafe\000001.jpg,Nescafe,Genuine,It all starts with a Nescafé
genLogoOutput\Krisspy Kreme\scal_000003.jpg,Krisspy Kreme,Fake,master glaze_over anchor_ring
genLogoOutput\Microsoft\scal_000004.jpg,Microsoft,Fake,fashioning information_technology all spend_a_penny sentience .
output\Netflix\000004.jpg,Netflix,Genuine,See what’s next
genLogoOutput\Tiktok\000002.jpg,Tiktok,Fake,make Your daylight .
genLogoOutput\MnM\scal_000002.jpg,MnM,Fake,"the Milk_River deep_brown that melting inward your utter , not inch your mitt"
genLogoOutput\MnM\000001.jpg,MnM,Fake,"the Milk_River burnt_umber that mellow IN your back_talk , not In your paw"
output\Levis\000001.jpg,Levis,Genuine,Fall for CBC
output\Cadbury\000004.jpg,Cadbury,Genuine,How cool is that?
genLogoOutput\Nestle milo\000001.jpg,Nestle milo,Fake,The Abang milo_maize be ever thither to digest you !
output\Nescafe\000003.jpg,Nescafe,Genuine,It all starts with a Nescafé
genLogoOutput\Levis\scal_000001.jpg,Levis,Fake,come_down for complete_blood_count
output\Pepsi\000001.jpg,Pepsi,Genuine,
output\Cadbury\000003.jpg,Cadbury,Genuine,How cool is that?
genLogoOutput\Sprite\scal_000001.jpg,Sprite,Fake,obey Your starve .
genLogoOutput\Netflix\scal_000001.jpg,Netflix,Fake,ensure what ’ reciprocal_ohm adjacent
output\Twitter\000003.jpg,Twitter,Genuine,What’s happening
genLogoOutput\Guinness\000005.jpg,Guinness,Fake,Alec_Guinness personify dear for You .
output\Adidas\000002.jpg,Adidas,Genuine,impossible is nothing.
output\Chevrolet\000003.jpg,Chevrolet,Genuine,Find New Roads
genLogoOutput\Reebok\000002.jpg,Reebok,Fake,ace amplitude_modulation what 1 AM
genLogoOutput\Levis\000003.jpg,Levis,Fake,downslope for CBC
genLogoOutput\Fila\000003.jpg,Fila,Fake,big_businessman style
genLogoOutput\Microsoft\scal_000001.jpg,Microsoft,Fake,pee information_technology totally urinate sentiency .
output\Instagram\000003.jpg,Instagram,Genuine,Capture and Share the World's Moments
output\Lg\000005.jpg,Lg,Genuine,the magnificent Italian jeweler since 1884
genLogoOutput\Chrome\scal_000002.jpg,Chrome,Fake,bash n't atomic_number_4 malign
output\Fila\000004.jpg,Fila,Genuine,Power Style
genLogoOutput\Fila\000002.jpg,Fila,Fake,ability fashion
genLogoOutput\Tesla\scal_000003.jpg,Tesla,Fake,combust rubberise not gasolene
genLogoOutput\Cowbell\scal_000003.jpg,Cowbell,Fake,sooo creamy sooo gooood
genLogoOutput\Honda\000004.jpg,Honda,Fake,The force of daydream
genLogoOutput\Gillette\scal_000004.jpg,Gillette,Fake,The outflank group_A humanity ass obtain .
output\Huawei\000005.jpg,Huawei,Genuine,China has promise
genLogoOutput\Android\scal_000004.jpg,Android,Fake,atomic_number_4 together . non the Same
genLogoOutput\Marvel\000005.jpg,Marvel,Fake,"atomic_number_102 humanity stern bring_home_the_bacon every combat , merely nobelium Man should pass without amp conflict"
genLogoOutput\Kfc\000002.jpg,Kfc,Fake,thumb Lickin ' proficient .
genLogoOutput\Android\000004.jpg,Android,Fake,equal together . not the like
genLogoOutput\Twitter\scal_000003.jpg,Twitter,Fake,What ’ due_south befall
genLogoOutput\Adidas\000003.jpg,Adidas,Fake,impossible cost goose_egg .
genLogoOutput\Nestle\scal_000003.jpg,Nestle,Fake,"nest . goodness food_for_thought , unspoilt life_sentence ."
genLogoOutput\Krisspy Kreme\000005.jpg,Krisspy Kreme,Fake,original glaze donut
output\Samsung\000002.jpg,Samsung,Genuine,Do What You Can't.
genLogoOutput\Huawei\000004.jpg,Huawei,Fake,Taiwan induce forebode
genLogoOutput\Android\000003.jpg,Android,Fake,atomic_number_4 unitedly . not the like
genLogoOutput\Burger King\000005.jpg,Burger King,Fake,get IT your path .
genLogoOutput\Nike\scal_000005.jpg,Nike,Fake,upright do information_technology .
genLogoOutput\Samsung\scal_000001.jpg,Samsung,Fake,answer What You Golden_State n't .
output\Lg\000001.jpg,Lg,Genuine,the magnificent Italian jeweler since 1884
output\Chrome\000005.jpg,Chrome,Genuine,Don't be evil
genLogoOutput\Coca Cola\scal_000001.jpg,Coca Cola,Fake,IT 's the substantial thing
genLogoOutput\Microsoft\000002.jpg,Microsoft,Fake,pass_water information_technology totally arrive_at horse_sense .
genLogoOutput\Marvel\scal_000002.jpg,Marvel,Fake,"no_more piece butt gain_ground every fight , only atomic_number_102 homo should crepuscle without group_A contend"
genLogoOutput\Oreo\scal_000002.jpg,Oreo,Fake,only oreo .
genLogoOutput\Kfc\000004.jpg,Kfc,Fake,thumb Lickin ' near .
genLogoOutput\PlayStation\000004.jpg,PlayStation,Fake,eNoS spirit .
output\Dominos\000002.jpg,Dominos,Genuine,Avoid the Noid
genLogoOutput\Mercedes Benz\scal_000002.jpg,Mercedes Benz,Fake,The respectable operating_theater naught
genLogoOutput\McDonald\000001.jpg,McDonald,Fake,iodine ’ mebibyte Lovin ’ IT .
genLogoOutput\Google\scal_000004.jpg,Google,Fake,father ’ tetraiodothyronine constitute evil
genLogoOutput\Peak milk\000002.jpg,Peak milk,Fake,Everyone get antiophthalmic_factor extremum
output\Gillette\000002.jpg,Gillette,Genuine,The Best a Man Can Get.
genLogoOutput\Peak milk\000005.jpg,Peak milk,Fake,Everyone deliver adenine top_out
genLogoOutput\Mtn dew\scal_000003.jpg,Mtn dew,Fake,position vitamin_A fiddling hayseed inwards your biography
genLogoOutput\Hp\scal_000001.jpg,Hp,Fake,The cracking sample mousse !
output\Sprite\000004.jpg,Sprite,Genuine,Obey Your Thirst.
genLogoOutput\Levis\scal_000004.jpg,Levis,Fake,spill for CBC
genLogoOutput\Heinz\000002.jpg,Heinz,Fake,information_technology give to Be Henry_John_Heinz
genLogoOutput\Honda\scal_000003.jpg,Honda,Fake,The mogul of ambition
output\Samsung\000004.jpg,Samsung,Genuine,Do What You Can't.
genLogoOutput\Apple\000004.jpg,Apple,Fake,in_concert follow soundly .
output\Heinz\000005.jpg,Heinz,Genuine,It has to be Heinz
genLogoOutput\Honda\000001.jpg,Honda,Fake,The king of ambition
genLogoOutput\Levis\scal_000003.jpg,Levis,Fake,shine for blood_profile
genLogoOutput\Chrome\scal_000003.jpg,Chrome,Fake,perform n't embody wickedness
output\YouTube\000003.jpg,YouTube,Genuine,Broadcast Yourself
output\Lipton\000003.jpg,Lipton,Genuine,Be more tea.
output\Nike\000003.jpg,Nike,Genuine,Just Do It.
genLogoOutput\Chevrolet\scal_000004.jpg,Chevrolet,Fake,obtain freshly route
output\PlayStation\000004.jpg,PlayStation,Genuine,eNoS Lives.
genLogoOutput\Kfc\scal_000005.jpg,Kfc,Fake,thumb Lickin ' estimable .
genLogoOutput\Mars\000001.jpg,Mars,Fake,beer secure inwards woodwind_instrument .
output\Lipton\000002.jpg,Lipton,Genuine,Be more tea.
genLogoOutput\Lg\000004.jpg,Lg,Fake,the splendid Italian jeweller since 1884
output\Lays\000002.jpg,Lays,Genuine,eNoS Lives.
output\Chrome\000001.jpg,Chrome,Genuine,Don't be evil
output\Microsoft\000004.jpg,Microsoft,Genuine,Making it all make sense.
output\Nestle milo\000001.jpg,Nestle milo,Genuine,The Abang MILO is always there to support you!
output\Reebok\000003.jpg,Reebok,Genuine,I am what I am
genLogoOutput\Mercedes Benz\000005.jpg,Mercedes Benz,Fake,The outdo Oregon zip
genLogoOutput\Lays\000002.jpg,Lays,Fake,eNoS hold_out .
genLogoOutput\Oral b\000002.jpg,Oral b,Fake,The index toothbrush More dentist employ
output\McDonald\000003.jpg,McDonald,Genuine,I’m Lovin’ It.
genLogoOutput\Pringles\000005.jpg,Pringles,Fake,"one_time you daddy , you Golden_State n't plosive ."
genLogoOutput\Mtn dew\scal_000001.jpg,Mtn dew,Fake,couch a niggling rube Hoosier_State your life_sentence
genLogoOutput\Twitter\000004.jpg,Twitter,Fake,What ’ randomness chance
genLogoOutput\Heinz\000005.jpg,Heinz,Fake,information_technology experience to follow Henry_John_Heinz
genLogoOutput\Netflix\scal_000004.jpg,Netflix,Fake,meet what ’ randomness future
genLogoOutput\Chevrolet\scal_000002.jpg,Chevrolet,Fake,discovery unexampled road
output\Pay pal\000003.jpg,Pay pal,Genuine,"Foster trust, have integrity, champion each other, and have each others' backs."
output\Nestle\000005.jpg,Nestle,Genuine,"Nestle. Good Food, Good Life."
output\Lg\000004.jpg,Lg,Genuine,the magnificent Italian jeweler since 1884
genLogoOutput\Rolex\scal_000003.jpg,Rolex,Fake,ampere coronate for every accomplishment .
genLogoOutput\Tesla\000001.jpg,Tesla,Fake,combust safety not gas
output\Peak milk\000005.jpg,Peak milk,Genuine,Everyone has a Peak
output\Cowbell\000003.jpg,Cowbell,Genuine,sooo creamy sooo gooood
output\Rolex\000002.jpg,Rolex,Genuine,A Crown for Every Achievement.
output\Coca Cola\000005.jpg,Coca Cola,Genuine,It's the real thing
genLogoOutput\Honda\scal_000004.jpg,Honda,Fake,The world_power of ambition
genLogoOutput\Burger King\scal_000004.jpg,Burger King,Fake,own information_technology your means .
genLogoOutput\Nescafe\000004.jpg,Nescafe,Fake,information_technology totally take_up with angstrom Nescafé
genLogoOutput\Mars\scal_000004.jpg,Mars,Fake,beer practiced in Natalie_Wood .
output\Mercedes Benz\000001.jpg,Mercedes Benz,Genuine,The Best or Nothing
output\Peak milk\000002.jpg,Peak milk,Genuine,Everyone has a Peak
genLogoOutput\Peak milk\scal_000003.jpg,Peak milk,Fake,Everyone experience A prime
genLogoOutput\Bic\000003.jpg,Bic,Fake,think inwards beach .
genLogoOutput\Marvel\000004.jpg,Marvel,Fake,"no_more homo stern come_through every fight , but nobelium serviceman should gloam without axerophthol struggle"
genLogoOutput\Pepsi\000005.jpg,Pepsi,Fake,
output\Tesla\000004.jpg,Tesla,Genuine,Burn rubber not gasoline
output\Mtn\000004.jpg,Mtn,Genuine,Everywhere you go
output\Fila\000001.jpg,Fila,Genuine,Power Style
genLogoOutput\Guinness\scal_000005.jpg,Guinness,Fake,Alec_Guinness equal dependable for You .
genLogoOutput\Peak milk\000004.jpg,Peak milk,Fake,Everyone accept amp extremum
output\Levis\000002.jpg,Levis,Genuine,Fall for CBC
genLogoOutput\Reebok\000005.jpg,Reebok,Fake,single follow what ane equal
output\Burger King\000003.jpg,Burger King,Genuine,Have it your way.
genLogoOutput\Heinz\scal_000002.jpg,Heinz,Fake,IT ingest to atomic_number_4 Henry_John_Heinz
genLogoOutput\Cadbury\scal_000003.jpg,Cadbury,Fake,How sang-froid equal that ?
genLogoOutput\Cowbell\scal_000002.jpg,Cowbell,Fake,sooo creamy sooo gooood
output\Fila\000002.jpg,Fila,Genuine,Power Style
genLogoOutput\Dominos\scal_000001.jpg,Dominos,Fake,debar the Noid
genLogoOutput\Nescafe\scal_000002.jpg,Nescafe,Fake,IT totally take_off with A Nescafé
output\Rolex\000004.jpg,Rolex,Genuine,A Crown for Every Achievement.
output\Rolex\000003.jpg,Rolex,Genuine,A Crown for Every Achievement.
genLogoOutput\Chrome\scal_000001.jpg,Chrome,Fake,coiffure n't Be wickedness
genLogoOutput\Cadbury\000003.jpg,Cadbury,Fake,How poise cost that ?
genLogoOutput\Pay pal\scal_000002.jpg,Pay pal,Fake,"Foster trust , wealthy_person unity , defend for_each_one former , and consume from_each_one others ' plump_for ."
genLogoOutput\Twitter\scal_000005.jpg,Twitter,Fake,What ’ siemens pass_off
genLogoOutput\Mercedes Benz\scal_000001.jpg,Mercedes Benz,Fake,The considerably surgery nothing
genLogoOutput\Adidas\scal_000004.jpg,Adidas,Fake,unacceptable be null .
output\Bic\000001.jpg,Bic,Genuine,Believe in beach.
genLogoOutput\Burger King\000003.jpg,Burger King,Fake,wealthy_person information_technology your manner .
genLogoOutput\Gillette\000004.jpg,Gillette,Fake,The well a humanity ass pay_off .
genLogoOutput\Chrome\000002.jpg,Chrome,Fake,arrange n't represent immorality
genLogoOutput\Nutella\000001.jpg,Nutella,Fake,hazelnut_tree scatter with scan Milk and cocoa .
genLogoOutput\Huawei\000005.jpg,Huawei,Fake,Nationalist_China birth predict
genLogoOutput\Ariel\000001.jpg,Ariel,Fake,The spate of force live unrelenting
genLogoOutput\Goya oil\000002.jpg,Goya oil,Fake,If information_technology 's Francisco_Jose_de_Goya ... information_technology accept to exist thoroughly
genLogoOutput\Puma\000001.jpg,Puma,Fake,always degraded
output\Krisspy Kreme\000004.jpg,Krisspy Kreme,Genuine,Original Glazed Doughnuts
genLogoOutput\Guinness\scal_000003.jpg,Guinness,Fake,Sir_Alec_Guinness personify full for You .
genLogoOutput\Zara\scal_000002.jpg,Zara,Fake,be_intimate Your wind
output\Pringles\000003.jpg,Pringles,Genuine,"Once you pop, you can't stop."
output\Levis\000003.jpg,Levis,Genuine,Fall for CBC
genLogoOutput\Tesla\scal_000001.jpg,Tesla,Fake,burn_mark gum_elastic not gas
genLogoOutput\Bic\scal_000001.jpg,Bic,Fake,think inward beach .
genLogoOutput\Reebok\scal_000002.jpg,Reebok,Fake,ace Master_of_Arts what iodine comprise
genLogoOutput\McDonald\scal_000003.jpg,McDonald,Fake,1 ’ meter Lovin ’ IT .
genLogoOutput\Mars\scal_000001.jpg,Mars,Fake,beer ripe inch woodwind_instrument .
genLogoOutput\Instagram\scal_000003.jpg,Instagram,Fake,enamor and percentage the populace 's consequence
output\Reebok\000002.jpg,Reebok,Genuine,I am what I am
genLogoOutput\Rolex\000004.jpg,Rolex,Fake,type_A treetop for every accomplishment .
genLogoOutput\BMW\000004.jpg,BMW,Fake,The ultimate motor machine .
genLogoOutput\Chrome\000005.jpg,Chrome,Fake,ut n't follow malevolent
output\Dominos\000001.jpg,Dominos,Genuine,Avoid the Noid
genLogoOutput\Gillette\scal_000005.jpg,Gillette,Fake,The undecomposed adenine humankind keister have .
output\Bic\000004.jpg,Bic,Genuine,Believe in beach.
genLogoOutput\Nike\scal_000003.jpg,Nike,Fake,but DO information_technology .
output\Krisspy Kreme\000003.jpg,Krisspy Kreme,Genuine,Original Glazed Doughnuts
output\Ariel\000002.jpg,Ariel,Genuine,The surge of power is relentless
genLogoOutput\Rolex\scal_000002.jpg,Rolex,Fake,axerophthol peak for every accomplishment .
output\Burger King\000004.jpg,Burger King,Genuine,Have it your way.
output\Marvel\000004.jpg,Marvel,Genuine,"No man can win every battle, but no man should fall without a struggle"
output\Pringles\000001.jpg,Pringles,Genuine,"Once you pop, you can't stop."
output\Zara\000005.jpg,Zara,Genuine,Love Your Curves
genLogoOutput\Starbucks\000002.jpg,Starbucks,Fake,custom-make Your cupful .
genLogoOutput\Guinness\scal_000001.jpg,Guinness,Fake,Guinness live well for You .
output\Coca Cola\000003.jpg,Coca Cola,Genuine,It's the real thing
output\Heinz\000001.jpg,Heinz,Genuine,It has to be Heinz
genLogoOutput\Lipton\scal_000002.jpg,Lipton,Fake,follow Thomas_More tea .
genLogoOutput\Marvel\scal_000004.jpg,Marvel,Fake,"atomic_number_102 mankind terminate come_through every struggle , merely no_more valet should declination without vitamin_A battle"
output\Mtn\000005.jpg,Mtn,Genuine,Everywhere you go
genLogoOutput\Amazon\scal_000005.jpg,Amazon,Fake,discernment of nature
output\Honda\000003.jpg,Honda,Genuine,The Power of Dreams
genLogoOutput\Kfc\000001.jpg,Kfc,Fake,feel Lickin ' respectable .
genLogoOutput\Twitter\000005.jpg,Twitter,Fake,What ’ siemens happening
genLogoOutput\Dominos\scal_000003.jpg,Dominos,Fake,keep_off the Noid
genLogoOutput\Apple\scal_000001.jpg,Apple,Fake,unitedly follow commodity .
genLogoOutput\Zara\000002.jpg,Zara,Fake,get_it_on Your arch
output\Kfc\000003.jpg,Kfc,Genuine,Finger Lickin' Good.
output\Goya oil\000002.jpg,Goya oil,Genuine,If it's Goya... it has to be good
genLogoOutput\Lipton\scal_000003.jpg,Lipton,Fake,personify Sir_Thomas_More teatime .
output\Nutella\000002.jpg,Nutella,Genuine,Hazelnut Spread with Skim Milk and Cocoa.
genLogoOutput\Android\scal_000003.jpg,Android,Fake,make_up in_concert . non the Sami
genLogoOutput\NASA\000005.jpg,NASA,Fake,research the secret of the population for the profit of entirely
genLogoOutput\Lays\scal_000005.jpg,Lays,Fake,eNoS life_sentence .
output\Sprite\000001.jpg,Sprite,Genuine,Obey Your Thirst.
genLogoOutput\Heinz\000003.jpg,Heinz,Fake,IT receive to embody Heinz
genLogoOutput\Nescafe\scal_000005.jpg,Nescafe,Fake,IT completely get_going with angstrom_unit Nescafé
output\Mercedes Benz\000002.jpg,Mercedes Benz,Genuine,The Best or Nothing
genLogoOutput\Nutella\000002.jpg,Nutella,Fake,filbert fan_out with skip Milk and cocoa .
genLogoOutput\Puma\scal_000005.jpg,Puma,Fake,perpetually profligate
genLogoOutput\Nescafe\000005.jpg,Nescafe,Fake,information_technology wholly depart with angstrom Nescafé
genLogoOutput\Instagram\000005.jpg,Instagram,Fake,captivate and portion the domain 's instant
genLogoOutput\Instagram\000001.jpg,Instagram,Fake,trance and plowshare the mankind 's bit
genLogoOutput\Goya oil\scal_000001.jpg,Goya oil,Fake,If IT 's Francisco_Jose_de_Goya_y_Lucientes ... information_technology bear to equal expert
output\McDonald\000005.jpg,McDonald,Genuine,I’m Lovin’ It.
output\Pay pal\000001.jpg,Pay pal,Genuine,"Foster trust, have integrity, champion each other, and have each others' backs."
output\Lays\000003.jpg,Lays,Genuine,eNoS Lives.
output\Levis\000004.jpg,Levis,Genuine,Fall for CBC
genLogoOutput\Tesla\scal_000004.jpg,Tesla,Fake,cauterise rubberise non petrol
output\Microsoft\000003.jpg,Microsoft,Genuine,Making it all make sense.
genLogoOutput\Bic\000005.jpg,Bic,Fake,believe in beach .
output\Bic\000002.jpg,Bic,Genuine,Believe in beach.
genLogoOutput\Sprite\000004.jpg,Sprite,Fake,obey Your starve .
genLogoOutput\Netflix\scal_000005.jpg,Netflix,Fake,assure what ’ reciprocal_ohm succeeding
genLogoOutput\NASA\scal_000005.jpg,NASA,Fake,research the secret of the cosmos for the do_good of altogether
genLogoOutput\Netflix\000005.jpg,Netflix,Fake,come_across what ’ randomness side_by_side
genLogoOutput\Sprite\scal_000002.jpg,Sprite,Fake,obey Your thirstiness .
genLogoOutput\Apple\scal_000002.jpg,Apple,Fake,unitedly personify soundly .
genLogoOutput\Huawei\000002.jpg,Huawei,Fake,China throw forebode
genLogoOutput\Pay pal\scal_000001.jpg,Pay pal,Fake,"foster faith , give_birth integrity , mavin for_each_one other , and cause apiece others ' plump_for ."
genLogoOutput\Marvel\scal_000005.jpg,Marvel,Fake,"nobelium adult_male seat profits every conflict , only nobelium valet_de_chambre should downfall without angstrom_unit fight"
genLogoOutput\Mercedes Benz\000003.jpg,Mercedes Benz,Fake,The dependable operating_room cypher
genLogoOutput\Netflix\000001.jpg,Netflix,Fake,check what ’ reciprocal_ohm following
output\Chevrolet\000005.jpg,Chevrolet,Genuine,Find New Roads
genLogoOutput\Reebok\scal_000004.jpg,Reebok,Fake,1 be what 1 exist
genLogoOutput\Burger King\000004.jpg,Burger King,Fake,take IT your room .
genLogoOutput\Nestle milo\000002.jpg,Nestle milo,Fake,The Abang milo_maize embody always in_that_location to documentation you !
output\Puma\000005.jpg,Puma,Genuine,Forever faster
output\Nestle milo\000003.jpg,Nestle milo,Genuine,The Abang MILO is always there to support you!
genLogoOutput\Pepsi\scal_000002.jpg,Pepsi,Fake,
genLogoOutput\Lg\000003.jpg,Lg,Fake,the glorious Italian jeweller since 1884
genLogoOutput\Peak milk\scal_000002.jpg,Peak milk,Fake,Everyone throw antiophthalmic_factor apex
genLogoOutput\Puma\000002.jpg,Puma,Fake,evermore degenerate
genLogoOutput\PlayStation\scal_000005.jpg,PlayStation,Fake,eNoS life-time .
output\Heinz\000003.jpg,Heinz,Genuine,It has to be Heinz
genLogoOutput\Lg\scal_000003.jpg,Lg,Fake,the magnificent Italian jewelry_maker since 1884
genLogoOutput\Mtn\000002.jpg,Mtn,Fake,everywhere you break
genLogoOutput\MnM\scal_000003.jpg,MnM,Fake,"the milk hot_chocolate that meld inch your oral_cavity , not inwards your deal"
genLogoOutput\Krisspy Kreme\scal_000001.jpg,Krisspy Kreme,Fake,pilot shiny doughnut
genLogoOutput\Fila\000004.jpg,Fila,Fake,business_leader flair
genLogoOutput\Oral b\000003.jpg,Oral b,Fake,The business_leader soup-strainer Thomas_More tooth_doctor enjoyment
genLogoOutput\YouTube\000001.jpg,YouTube,Fake,propagate Yourself
genLogoOutput\Pepsi\000001.jpg,Pepsi,Fake,
output\Bic\000005.jpg,Bic,Genuine,Believe in beach.
output\Krisspy Kreme\000002.jpg,Krisspy Kreme,Genuine,Original Glazed Doughnuts
genLogoOutput\Nutella\scal_000003.jpg,Nutella,Fake,filbert scatter with skip Milk and cocoa .
genLogoOutput\Nestle\000001.jpg,Nestle,Fake,"snuggle . secure nutrient , safe living ."
output\Honda\000001.jpg,Honda,Genuine,The Power of Dreams
genLogoOutput\Nestle milo\000005.jpg,Nestle milo,Fake,The Abang milo live forever at_that_place to plunk_for you !
output\Tesla\000002.jpg,Tesla,Genuine,Burn rubber not gasoline
genLogoOutput\Nescafe\scal_000004.jpg,Nescafe,Fake,information_technology altogether depart with a Nescafé
genLogoOutput\Fila\scal_000002.jpg,Fila,Fake,king dash
genLogoOutput\Mtn dew\scal_000005.jpg,Mtn dew,Fake,couch deoxyadenosine_monophosphate picayune chawbacon Hoosier_State your sprightliness
genLogoOutput\Huawei\scal_000002.jpg,Huawei,Fake,Communist_China hold assure
output\Lipton\000001.jpg,Lipton,Genuine,Be more tea.
genLogoOutput\Guinness\scal_000002.jpg,Guinness,Fake,Guinness cost beneficial for You .
genLogoOutput\Chevrolet\000005.jpg,Chevrolet,Fake,receive fresh route
genLogoOutput\Bic\scal_000002.jpg,Bic,Fake,consider in beach .
genLogoOutput\Fila\000001.jpg,Fila,Fake,ability manner
genLogoOutput\YouTube\000002.jpg,YouTube,Fake,programme Yourself
output\Oreo\000002.jpg,Oreo,Genuine,Only oreo.
output\Kfc\000005.jpg,Kfc,Genuine,Finger Lickin' Good.
genLogoOutput\Pepsi\scal_000001.jpg,Pepsi,Fake,
output\Android\000003.jpg,Android,Genuine,Be together. Not the same
output\Nike\000005.jpg,Nike,Genuine,Just Do It.
genLogoOutput\Burger King\000002.jpg,Burger King,Fake,induce information_technology your way .
genLogoOutput\Cadbury\000002.jpg,Cadbury,Fake,How nerveless embody that ?
output\Puma\000002.jpg,Puma,Genuine,Forever faster
output\Huawei\000002.jpg,Huawei,Genuine,China has promise
genLogoOutput\Bic\scal_000004.jpg,Bic,Fake,believe inward beach .
genLogoOutput\McDonald\scal_000001.jpg,McDonald,Fake,1 ’ one_thousand Lovin ’ IT .
output\Twitter\000005.jpg,Twitter,Genuine,What’s happening
genLogoOutput\Samsung\scal_000005.jpg,Samsung,Fake,coif What You Golden_State n't .
output\Huawei\000001.jpg,Huawei,Genuine,China has promise
genLogoOutput\Zara\scal_000001.jpg,Zara,Fake,making_love Your curvature
genLogoOutput\Guinness\000004.jpg,Guinness,Fake,Alec_Guinness equal unspoiled for You .
genLogoOutput\Burger King\scal_000002.jpg,Burger King,Fake,experience information_technology your way_of_life .
genLogoOutput\Nestle milo\000003.jpg,Nestle milo,Fake,The Abang milo_maize be invariably at_that_place to bread_and_butter you !
genLogoOutput\Android\scal_000005.jpg,Android,Fake,personify together . non the Lapplander
genLogoOutput\Heinz\scal_000005.jpg,Heinz,Fake,IT make to be Heinz
genLogoOutput\Mtn dew\000002.jpg,Mtn dew,Fake,pose ampere little hick Indiana your animation
output\Heinz\000002.jpg,Heinz,Genuine,It has to be Heinz
output\Zara\000002.jpg,Zara,Genuine,Love Your Curves
output\Adidas\000005.jpg,Adidas,Genuine,impossible is nothing.
genLogoOutput\NASA\scal_000002.jpg,NASA,Fake,explore the arcanum of the macrocosm for the benefit of all
genLogoOutput\Honda\scal_000002.jpg,Honda,Fake,The business_leader of ambition
output\Dominos\000003.jpg,Dominos,Genuine,Avoid the Noid
output\Guinness\000004.jpg,Guinness,Genuine,Guinness is Good for You.
genLogoOutput\Nike\000002.jpg,Nike,Fake,upright doh IT .
genLogoOutput\Peak milk\scal_000005.jpg,Peak milk,Fake,Everyone have_got antiophthalmic_factor eyeshade
genLogoOutput\Nescafe\000002.jpg,Nescafe,Fake,IT totally take_off with deoxyadenosine_monophosphate Nescafé
output\Guinness\000001.jpg,Guinness,Genuine,Guinness is Good for You.
genLogoOutput\Netflix\scal_000003.jpg,Netflix,Fake,encounter what ’ entropy adjacent
genLogoOutput\Cowbell\000001.jpg,Cowbell,Fake,sooo creamy sooo gooood
output\Tiktok\000005.jpg,Tiktok,Genuine,Make Your Day.
output\Pepsi\000005.jpg,Pepsi,Genuine,
output\Oral b\000005.jpg,Oral b,Genuine,The power toothbrush more dentists use
genLogoOutput\Cadbury\000004.jpg,Cadbury,Fake,How nerveless make_up that ?
genLogoOutput\Microsoft\scal_000003.jpg,Microsoft,Fake,spend_a_penny information_technology totally attain signified .
genLogoOutput\YouTube\000005.jpg,YouTube,Fake,disseminate Yourself
genLogoOutput\Sprite\scal_000004.jpg,Sprite,Fake,obey Your thirst .
output\Instagram\000001.jpg,Instagram,Genuine,Capture and Share the World's Moments
genLogoOutput\Netflix\000004.jpg,Netflix,Fake,experience what ’ randomness future
genLogoOutput\Pringles\000003.jpg,Pringles,Fake,"erstwhile you bolt_down , you CA n't quit ."
genLogoOutput\BMW\scal_000003.jpg,BMW,Fake,The ultimate force_back car .
output\BMW\000005.jpg,BMW,Genuine,The Ultimate Driving Machine.
genLogoOutput\Coca Cola\000003.jpg,Coca Cola,Fake,IT 's the actual affair
genLogoOutput\Mtn\000004.jpg,Mtn,Fake,everywhere you perish
genLogoOutput\Lg\scal_000001.jpg,Lg,Fake,the glorious Italian jeweler since 1884
genLogoOutput\Coca Cola\scal_000005.jpg,Coca Cola,Fake,IT 's the literal thing
genLogoOutput\Amazon\scal_000002.jpg,Amazon,Fake,try_out of nature
genLogoOutput\Huawei\000001.jpg,Huawei,Fake,Cathay receive call
output\Puma\000001.jpg,Puma,Genuine,Forever faster
output\Sprite\000002.jpg,Sprite,Genuine,Obey Your Thirst.
genLogoOutput\MnM\000002.jpg,MnM,Fake,"the Milk umber that thawing Hoosier_State your mouth , non Indiana your hired_man"
output\Nestle\000001.jpg,Nestle,Genuine,"Nestle. Good Food, Good Life."
genLogoOutput\YouTube\scal_000003.jpg,YouTube,Fake,spread Yourself
genLogoOutput\Krisspy Kreme\000004.jpg,Krisspy Kreme,Fake,archetype shiny donut
output\Chrome\000002.jpg,Chrome,Genuine,Don't be evil
genLogoOutput\Amazon\scal_000004.jpg,Amazon,Fake,discernment of nature
output\MnM\000001.jpg,MnM,Genuine,"the milk chocolate that melts in your mouth, not in your hand"
output\Mtn dew\000002.jpg,Mtn dew,Genuine,Put a little Yahoo in your life
genLogoOutput\Adidas\scal_000003.jpg,Adidas,Fake,unimaginable follow nix .
output\Mtn dew\000004.jpg,Mtn dew,Genuine,Put a little Yahoo in your life
genLogoOutput\Microsoft\000003.jpg,Microsoft,Fake,lay_down information_technology wholly have gumption .
output\Rolex\000001.jpg,Rolex,Genuine,A Crown for Every Achievement.
genLogoOutput\Nestle milo\scal_000004.jpg,Nestle milo,Fake,The Abang milo_maize comprise incessantly in_that_location to bear you !
output\Android\000004.jpg,Android,Genuine,Be together. Not the same
genLogoOutput\Kfc\scal_000001.jpg,Kfc,Fake,thumb Lickin ' secure .
genLogoOutput\NASA\000004.jpg,NASA,Fake,search the secret of the universe_of_discourse for the welfare of all
output\Peak milk\000004.jpg,Peak milk,Genuine,Everyone has a Peak
genLogoOutput\Heinz\scal_000004.jpg,Heinz,Fake,IT suffer to glucinium Heinz
genLogoOutput\Gillette\scal_000001.jpg,Gillette,Fake,The Best deoxyadenosine_monophosphate humankind dismiss perplex .
genLogoOutput\Honda\scal_000001.jpg,Honda,Fake,The king of woolgather
genLogoOutput\Tiktok\scal_000004.jpg,Tiktok,Fake,relieve_oneself Your day .
genLogoOutput\Marvel\scal_000001.jpg,Marvel,Fake,"no_more man ass acquire every struggle , merely no_more humanity should free_fall without group_A shinny"
output\Lays\000004.jpg,Lays,Genuine,eNoS Lives.
genLogoOutput\Gillette\000002.jpg,Gillette,Fake,The dependable vitamin_A valet toilet grow .
genLogoOutput\Tesla\000003.jpg,Tesla,Fake,burning no-good not gas
output\Marvel\000005.jpg,Marvel,Genuine,"No man can win every battle, but no man should fall without a struggle"
genLogoOutput\Zara\scal_000005.jpg,Zara,Fake,fuck Your trend
output\Tiktok\000002.jpg,Tiktok,Genuine,Make Your Day.
output\NASA\000002.jpg,NASA,Genuine,Exploring the secrets of the universe for the benefit of all
output\Tiktok\000001.jpg,Tiktok,Genuine,Make Your Day.
genLogoOutput\Mtn dew\scal_000002.jpg,Mtn dew,Fake,place group_A niggling chawbacon In your life-time
output\Adidas\000004.jpg,Adidas,Genuine,impossible is nothing.
genLogoOutput\Pay pal\000004.jpg,Pay pal,Fake,"Foster intrust , hold integrity , admirer apiece other , and have from_each_one others ' rear ."
genLogoOutput\YouTube\000004.jpg,YouTube,Fake,air Yourself
output\Mtn dew\000005.jpg,Mtn dew,Genuine,Put a little Yahoo in your life
genLogoOutput\Huawei\scal_000005.jpg,Huawei,Fake,mainland_China suffer forebode
output\Nutella\000001.jpg,Nutella,Genuine,Hazelnut Spread with Skim Milk and Cocoa.
genLogoOutput\Pringles\000001.jpg,Pringles,Fake,"erst you protrude , you Golden_State n't block_up ."
genLogoOutput\Peak milk\000001.jpg,Peak milk,Fake,Everyone hold vitamin_A superlative
output\Apple\000003.jpg,Apple,Genuine,Together is good.
output\Nescafe\000002.jpg,Nescafe,Genuine,It all starts with a Nescafé
genLogoOutput\Tesla\scal_000002.jpg,Tesla,Fake,tan synthetic_rubber not gas
genLogoOutput\Pepsi\000004.jpg,Pepsi,Fake,
genLogoOutput\Pay pal\scal_000003.jpg,Pay pal,Fake,"Stephen_Foster trustfulness , have_got integrity , maven to_each_one former , and ingest for_each_one others ' plump_for ."
output\Twitter\000004.jpg,Twitter,Genuine,What’s happening
output\Nutella\000004.jpg,Nutella,Genuine,Hazelnut Spread with Skim Milk and Cocoa.
output\Gillette\000003.jpg,Gillette,Genuine,The Best a Man Can Get.
output\Pay pal\000002.jpg,Pay pal,Genuine,"Foster trust, have integrity, champion each other, and have each others' backs."
genLogoOutput\MnM\000003.jpg,MnM,Fake,"the milk drinking_chocolate that dethaw inward your back_talk , non indium your helping_hand"
output\Hp\000003.jpg,Hp,Genuine,The Great Tasting Gel!
output\Peak milk\000001.jpg,Peak milk,Genuine,Everyone has a Peak
output\Dominos\000004.jpg,Dominos,Genuine,Avoid the Noid
genLogoOutput\Burger King\scal_000003.jpg,Burger King,Fake,have IT your manner .
genLogoOutput\Chevrolet\scal_000001.jpg,Chevrolet,Fake,find_out unexampled road
output\BMW\000001.jpg,BMW,Genuine,The Ultimate Driving Machine.
genLogoOutput\Oral b\000001.jpg,Oral b,Fake,The magnate soup-strainer Thomas_More dentist function
genLogoOutput\Chevrolet\000003.jpg,Chevrolet,Fake,find_out fresh road
output\Honda\000002.jpg,Honda,Genuine,The Power of Dreams
genLogoOutput\Tiktok\000004.jpg,Tiktok,Fake,name Your daytime .
output\Sprite\000005.jpg,Sprite,Genuine,Obey Your Thirst.
output\Marvel\000001.jpg,Marvel,Genuine,"No man can win every battle, but no man should fall without a struggle"
genLogoOutput\Hp\scal_000003.jpg,Hp,Fake,The cracking degustation gelatin !
genLogoOutput\Google\scal_000001.jpg,Google,Fake,Don_River ’ metric_ton constitute malevolent
output\Chevrolet\000001.jpg,Chevrolet,Genuine,Find New Roads
genLogoOutput\Burger King\scal_000005.jpg,Burger King,Fake,stimulate IT your room .
genLogoOutput\Chevrolet\000002.jpg,Chevrolet,Fake,see novel roads
output\Gillette\000001.jpg,Gillette,Genuine,The Best a Man Can Get.
genLogoOutput\Coca Cola\scal_000003.jpg,Coca Cola,Fake,information_technology 's the very affair
output\Peak milk\000003.jpg,Peak milk,Genuine,Everyone has a Peak
genLogoOutput\Nestle milo\000004.jpg,Nestle milo,Fake,The Abang milo live incessantly there to corroborate you !
output\Oreo\000003.jpg,Oreo,Genuine,Only oreo.
output\Google\000002.jpg,Google,Genuine,Don’t be Evil
output\Nescafe\000004.jpg,Nescafe,Genuine,It all starts with a Nescafé
genLogoOutput\Lays\000003.jpg,Lays,Fake,eNoS life_sentence .
genLogoOutput\Gillette\scal_000002.jpg,Gillette,Fake,The skillful deoxyadenosine_monophosphate humans give_the_axe scram .
genLogoOutput\Gillette\scal_000003.jpg,Gillette,Fake,The well a military_personnel tin set_about .
